STATENAME,ID,DISTRICT,STARTCONG,ENDCONG,area,perimeter,convex_hull,polsby_popper,reock,schwartzberg
Louisiana,022113114006,6,113,114,1.0650895844837578,16.643205257141,0.6187831662170751,0.0483194590072463,0.3912817532891224,0.2198168760747143
Maine,023113114001,1,113,114,0.1410616338919226,539.0857066764414,0.06252491724644892,6.099625055765885e-06,0.02785137231138404,0.002469741900637774
Maine,023113114002,2,113,114,11.772485505269742,481.3547831797889,1.1205626332697605,0.0006384802163776748,0.7019539410844187,0.0252681660667662
Maryland,024113114001,1,113,114,3.817199115112544,138.08815858739177,1.581091826260889,0.0025156012500989044,0.7063409788130456,0.05015576985850088
Maryland,024113114002,2,113,114,0.07763408041455477,11.405884186273672,0.29688554090025293,0.007499017413983663,0.12347883844407434,0.08659686722961554
Maryland,024113114003,3,113,114,0.15530911431437744,9.670667711846404,0.5281890218259331,0.020868627402901914,0.30665334197587724,0.14445977780303387
Maryland,024113114004,4,113,114,0.06898485933629672,6.000645654032158,0.4509662259026934,0.024075076919925817,0.19802312210003353,0.15516145436262777
